SampleID,Target
valid1,0.30464285714285716
valid2,-0.39289682539682536
valid3,0.0
valid4,-0.25374603174603183
valid5,-0.33678571428571424
valid6,-0.10119047619047621
valid7,-0.10269047619047617
valid8,0.01
valid9,0.084722222222222213
valid10,0.015888888888888883
valid11,-0.060500000000000005
valid12,-0.64378571428571418
valid13,-0.044857142857142866
valid14,-0.03385714285714287
valid15,0.075841269841269834
valid16,0.1460873015873016
valid17,0.04544444444444444
valid18,0.040000000000000001
valid19,-0.24012698412698413
valid20,0.19422222222222224
valid21,-0.025000000000000001
valid22,0.1307936507936508
valid23,-0.14944444444444446
valid24,0.0
valid25,-0.039333333333333338
valid26,-0.0067777777777777793
valid27,-0.073484126984126957
valid28,-0.0093015873015873021
valid29,0.013333333333333332
valid30,0.091587301587301606
valid31,0.043888888888888894
valid32,-0.15120634920634923
valid33,0.19823809523809521
valid34,-0.6185396825396825
valid35,-0.13695238095238094
valid36,-0.47103968253968254
valid37,-0.086698412698412691
valid38,0.01
valid39,-0.050833333333333328
valid40,0.79257142857142848
valid41,-0.005809523809523807
valid42,0.87076190476190474
valid43,0.33139682539682541
valid44,-0.44708730158730148
valid45,0.55238095238095242
valid46,-0.24031746031746037
valid47,0.042023809523809526
valid48,0.86876984126984125
valid49,0.15474603174603177
valid50,0.92400000000000004
valid51,0.899126984126984
valid52,-0.4270396825396825
valid53,-0.46806349206349201
valid54,-0.83095238095238111
valid55,-0.045928571428571423
valid56,0.10000000000000001
valid57,1.0
valid58,0.0
valid59,-0.0011031746031746081
valid60,-0.02
valid61,0.082888888888888901
valid62,-0.1637777777777778
valid63,0.20709523809523808
valid64,-0.66216666666666668
valid65,0.32638888888888884
valid66,-0.95377777777777784
valid67,0.27226190476190476
valid68,0.40796031746031752
valid69,0.047142857142857132
valid70,0.12803174603174605
valid71,-0.048809523809523796
valid72,0.055357142857142855
valid73,-0.91700000000000004
valid74,-0.0057857142857142933
valid75,-1.0
valid76,-0.99666666666666659
valid77,0.042801587301587299
valid78,0.30378571428571433
valid79,0.11365873015873014
valid80,0.066444444444444445
valid81,-0.15426984126984128
valid82,-0.13119047619047619
valid83,-0.11376984126984127
valid84,-0.63156349206349194
valid85,-1.0
valid86,0.20850000000000002
valid87,0.059999999999999998
valid88,-0.12306349206349208
valid89,-0.022253968253968255
valid90,0.19000000000000003
valid91,0.02
valid92,0.11452380952380951
valid93,-0.28773015873015872
valid94,0.023444444444444441
valid95,0.17205555555555554
valid96,-0.15120634920634918
valid97,0.13827777777777778
valid98,-1.0
valid99,-0.02
valid100,0.96600000000000008
valid101,-0.40266666666666667
valid102,0.10083333333333332
valid103,0.031309523809523808
valid104,0.20973015873015874
valid105,0.95999999999999996
valid106,0.089507936507936522
valid107,0.66466666666666652
valid108,0.38277777777777788
valid109,0.049642857142857141
valid110,0.52277777777777767
valid111,0.85095238095238102
valid112,0.0026666666666666648
valid113,1.0
valid114,-0.24904761904761905
valid115,0.070984126984126983
valid116,-0.075976190476190461
valid117,0.049666666666666665
valid118,-0.41350000000000009
valid119,0.61197619047619045
valid120,0.092611111111111116
valid121,0.23049206349206347
valid122,0.016023809523809524
valid123,-0.24834126984126986
valid124,0.11867460317460315
valid125,-0.28491269841269845
valid126,0.0
valid127,0.065944444444444444
valid128,0.087666666666666671
valid129,0.097142857142857156
valid130,-1.0
valid131,-0.078785714285714278
valid132,0.50258730158730158
valid133,-0.92666666666666653
valid134,0.056904761904761909
valid135,-0.90523809523809518
valid136,0.013833333333333333
valid137,-0.18936507936507932
valid138,0.080412698412698408
valid139,-0.069531746031746028
valid140,0.074857142857142858
valid141,-0.11487301587301588
valid142,1.0
valid143,-0.98750000000000004
valid144,0.83619047619047615
valid145,-0.021039682539682546
valid146,-0.13384920634920636
valid147,-0.11082539682539684
valid148,-0.12007936507936508
valid149,0.056388888888888884
valid150,0.021039682539682546
valid151,-0.035952380952380951
valid152,-0.036000000000000004
valid153,-0.81011904761904763
valid154,0.013333333333333332
valid155,0.10765079365079364
valid156,-0.07578571428571429
valid157,0.31629365079365085
valid158,-0.0066031746031746151
valid159,-0.37646031746031755
valid160,0.40566666666666662
valid161,0.59469841269841273
valid162,-0.17531746031746032
valid163,-0.020595238095238094
valid164,-0.018666666666666668
valid165,0.032111111111111111
valid166,-0.72074603174603202
valid167,-0.27473015873015877
valid168,-1.0
valid169,0.067365079365079364
valid170,0.54774603174603176
valid171,-0.60621428571428571
valid172,0.18630952380952379
valid173,0.0
valid174,0.23342063492063495
valid175,0.090428571428571414
valid176,0.17888888888888885
valid177,-0.65200000000000014
valid178,-0.15238095238095237
valid179,-0.37976190476190474
valid180,-0.96432539682539664
valid181,0.40798412698412695
valid182,-0.31953968253968257
valid183,0.049071428571428585
valid184,0.19422222222222221
valid185,0.94630952380952382
valid186,0.026547619047619046
valid187,0.64555555555555544
valid188,0.0
valid189,1.0
valid190,-0.025555555555555554
valid191,-0.25301587301587297
valid192,0.32907142857142857
valid193,0.58936507936507931
valid194,-0.028333333333333335
valid195,-0.01922222222222222
valid196,1.0
valid197,-0.0055555555555555558
valid198,0.05715079365079366
valid199,-0.1020952380952381
valid200,-0.053690476190476198
valid201,-0.36444444444444435
valid202,0.046484126984126982
valid203,-0.95200000000000007
valid204,0.027222222222222224
valid205,-0.078658730158730164
valid206,-0.03204761904761904
valid207,0.016619047619047624
valid208,0.0
valid209,0.10532539682539682
valid210,0.035357142857142858
valid211,-0.2237777777777778
valid212,0.97428571428571431
valid213,0.17399206349206348
valid214,0.036904761904761905
valid215,-0.02
valid216,0.98857142857142866
valid217,-0.45157936507936502
valid218,0.25300793650793646
valid219,-0.40062698412698416
valid220,-0.029999999999999999
valid221,0.040928571428571425
valid222,-0.0025000000000000001
valid223,0.15277777777777782
valid224,0.16178571428571431
valid225,0.055
valid226,1.0
valid227,-0.15459523809523809
valid228,-1.0
valid229,0.05593650793650793
valid230,0.78284126984126989
valid231,-0.50576190476190463
valid232,0.92400000000000004
valid233,-0.0066666666666666662
valid234,-0.38225396825396823
valid235,0.032507936507936507
valid236,-0.070261904761904762
valid237,0.068333333333333329
valid238,0.021666666666666664
valid239,-0.040238095238095239
valid240,-0.30585714285714283
valid241,-0.3784365079365079
valid242,-0.85533333333333328
valid243,-0.025753968253968251
valid244,0.28862698412698412
valid245,0.27299206349206345
valid246,0.20738888888888896
valid247,0.09256349206349207
valid248,-0.64390476190476198
valid249,0.78172222222222221
valid250,-0.27067460317460318
valid251,0.036436507936507934
valid252,0.031492063492063481
valid253,-0.069190476190476191
valid254,0.0066666666666666671
valid255,-0.67186507936507955
valid256,0.02
valid257,-0.99666666666666659
valid258,-0.072039682539682542
valid259,0.44344444444444453
valid260,0.33294444444444449
valid261,-0.037222222222222226
valid262,1.0
valid263,-0.087666666666666657
valid264,0.21928571428571431
valid265,0.19165079365079365
valid266,-0.8584761904761905
valid267,-0.31445238095238098
valid268,1.0
valid269,-0.017500000000000002
valid270,-0.01322222222222222
valid271,0.25317460317460316
valid272,0.016952380952380944
valid273,0.35342063492063486
valid274,0.014095238095238096
valid275,-0.30292857142857144
valid276,0.11574603174603176
valid277,0.11873809523809524
valid278,-0.041746031746031732
valid279,0.75715873015873014
valid280,-0.011111111111111113
valid281,0.99111111111111116
valid282,0.26230952380952383
valid283,0.042984126984126972
valid284,-0.4150396825396826
valid285,-0.35575396825396821
valid286,-0.34454761904761905
valid287,0.21920634920634921
valid288,0.38255555555555554
valid289,0.11712698412698413
valid290,0.026468253968253971
valid291,-0.0022222222222222222
valid292,-0.026626984126984124
valid293,-0.11545238095238095
valid294,-0.024293650793650798
valid295,0.31966666666666671
valid296,-0.098539682539682524
valid297,0.031738095238095239
valid298,0.54728571428571415
valid299,-0.034444444444444444
valid300,0.43434920634920637
valid301,0.13322222222222221
valid302,0.1948809523809524
valid303,0.0070000000000000019
valid304,-0.43158730158730158
valid305,-0.035309523809523818
valid306,-0.11111111111111109
valid307,1.0
valid308,0.52395238095238095
valid309,-0.13170634920634916
valid310,0.24661111111111109
valid311,-0.042944444444444452
valid312,-0.11011111111111116
valid313,0.13041269841269842
valid314,-0.20655555555555555
valid315,-0.57996031746031751
valid316,-0.046801587301587302
valid317,-0.83277777777777784
valid318,-0.3407222222222222
valid319,0.85949999999999993
valid320,0.13154761904761905
valid321,0.79774603174603187
valid322,-0.064119047619047631
valid323,-0.05177777777777777
valid324,-0.22507936507936507
valid325,0.28313492063492057
valid326,0.022063492063492066
valid327,-0.024444444444444446
valid328,0.049682539682539682
valid329,-0.97499999999999998
valid330,-0.18192857142857147
valid331,-0.031428571428571431
valid332,-0.10661111111111111
valid333,0.0
valid334,-0.026388888888888889
valid335,0.10971428571428571
valid336,-0.22978571428571432
valid337,0.19596031746031747
valid338,-0.82838095238095233
valid339,-0.3344206349206349
valid340,-0.041063492063492066
valid341,0.48345238095238102
valid342,-0.3228968253968254
valid343,0.7728571428571428
valid344,-0.047960317460317474
valid345,0.3635079365079365
valid346,0.029999999999999999
valid347,0.29749206349206347
valid348,-0.029206349206349191
valid349,-0.02388888888888889
valid350,-0.41218253968253971
valid351,0.91357142857142848
valid352,0.034444444444444458
valid353,-0.7885873015873015
valid354,0.029714285714285707
valid355,0.22476190476190477
valid356,-0.01805555555555555
valid357,-0.10870634920634918
valid358,0.0
valid359,0.0
valid360,0.0088888888888888889
valid361,0.062730158730158733
valid362,-0.21761111111111117
valid363,-0.018690476190476188
valid364,-0.005087301587301596
valid365,0.041285714285714287
valid366,0.0
valid367,0.29151587301587301
valid368,-0.39022222222222225
valid369,0.94714285714285718
valid370,0.10189682539682542
valid371,0.050531746031746018
valid372,0.33146825396825397
valid373,0.45376984126984132
valid374,-0.25428571428571428
valid375,0.10888888888888887
valid376,0.001023809523809529
valid377,0.9738888888888888
valid378,-0.10730158730158731
valid379,0.0037619047619047784
valid380,-0.043015873015873014
valid381,-0.0019444444444444442
valid382,0.21646825396825395
valid383,-0.5153253968253968
valid384,0.036984126984126987
valid385,0.078492063492063488
valid386,-0.19159523809523812
valid387,-0.29536507936507939
valid388,0.7918333333333335
valid389,-0.049222222222222223
valid390,-0.089246031746031754
valid391,0.96999999999999997
valid392,0.15376984126984131
valid393,-0.066111111111111107
valid394,-0.44244444444444447
valid395,0.8873968253968253
valid396,-0.13565079365079363
valid397,-0.088142857142857148
valid398,-0.40246031746031752
valid399,-0.11822222222222223
valid400,-0.02
valid401,0.037142857142857144
valid402,-0.91964285714285721
valid403,-0.33950000000000002
valid404,1.0
valid405,-0.29384126984126979
valid406,-0.11765873015873016
valid407,0.1196031746031746
valid408,-0.33356349206349206
valid409,0.62477777777777788
valid410,0.0061666666666666693
valid411,-0.97190476190476172
valid412,-0.11696825396825394
valid413,0.13381746031746033
valid414,-0.026666666666666665
valid415,0.13152380952380954
valid416,0.15578571428571431
valid417,0.10857142857142855
valid418,-0.0064444444444444341
valid419,0.39369841269841271
valid420,0.22319841269841273
valid421,-0.028761904761904766
valid422,-0.014634920634920636
valid423,-0.56485714285714284
valid424,0.10977777777777777
valid425,0.15934126984126984
valid426,-0.062436507936507943
valid427,-0.095158730158730193
valid428,-0.028801587301587297
valid429,-0.038666666666666662
valid430,-0.064666666666666664
valid431,0.035753968253968253
valid432,0.0083809523809523726
valid433,0.046047619047619053
valid434,0.581420634920635
valid435,0.16318253968253971
valid436,-0.11492857142857142
valid437,0.14723809523809522
valid438,0.82558730158730154
valid439,0.24199999999999997
valid440,-0.044484126984126994
valid441,1.0
valid442,0.38188888888888889
valid443,0.48957936507936511
valid444,0.029999999999999999
valid445,-0.29135714285714287
valid446,-0.095500000000000002
valid447,0.27199999999999996
valid448,0.042976190476190473
valid449,-0.029999999999999999
valid450,0.10307142857142856
valid451,0.060968253968253956
valid452,0.19488095238095235
valid453,-0.013999999999999999
valid454,0.046484126984126982
valid455,-0.77472222222222209
valid456,0.21429365079365081
valid457,0.59742857142857142
valid458,0.60858730158730157
valid459,0.71638888888888885
valid460,-1.0
valid461,-0.061222222222222226
valid462,0.3388492063492064
valid463,0.33608730158730166
valid464,-0.15555555555555556
valid465,-1.0
valid466,0.0
valid467,-0.32080952380952377
valid468,-0.21619047619047621
valid469,-1.0
valid470,-1.0
valid471,-0.71777777777777785
valid472,-0.246968253968254
valid473,-0.87638888888888888
valid474,-0.83464285714285724
valid475,-0.33206349206349201
valid476,0.54230158730158717
valid477,-0.084952380952380946
valid478,-0.14140476190476192
valid479,0.34298412698412695
valid480,-0.13141269841269845
valid481,0.045841269841269849
valid482,-0.79461111111111105
valid483,-0.72706349206349197
valid484,-0.3266904761904762
valid485,-0.028373015873015866
valid486,-0.095833333333333326
valid487,-0.1083015873015873
valid488,0.033000000000000002
valid489,-0.37319047619047624
valid490,-0.11955555555555558
valid491,0.17880952380952381
valid492,0.15182539682539681
valid493,-0.52160317460317474
valid494,0.87366666666666659
valid495,0.10844444444444445
valid496,-0.74416666666666653
valid497,-0.10843650793650796
valid498,-0.27099206349206351
valid499,-0.96666666666666667
valid500,-0.029166666666666664
valid501,0.4098412698412699
valid502,-0.090190476190476196
valid503,-0.33837301587301583
valid504,0.69195238095238099
valid505,0.0
valid506,0.60465079365079366
valid507,-0.22056349206349204
valid508,0.91928571428571426
valid509,0.19980952380952377
valid510,-0.46067460317460318
valid511,-0.7675317460317459
valid512,1.0
valid513,-0.1795873015873016
valid514,-0.64407936507936514
valid515,-0.71054761904761898
valid516,0.74305555555555558
valid517,-0.24000793650793648
valid518,0.01714285714285714
valid519,-0.17057142857142857
valid520,-0.98533333333333328
valid521,0.08046825396825398
valid522,0.38734126984126988
valid523,-1.0
valid524,-0.029166666666666664
valid525,0.023373015873015861
valid526,-0.024444444444444446
valid527,0.13188888888888889
valid528,-1.0
valid529,1.0
valid530,0.1488888888888889
valid531,0.082388888888888887
valid532,-0.029357142857142856
valid533,-0.27060317460317457
valid534,0.026714285714285722
valid535,-0.28592063492063491
valid536,0.4328412698412698
valid537,0.046230158730158732
valid538,0.10833333333333332
valid539,0.028492063492063499
valid540,-0.013333333333333332
valid541,0.29057936507936505
valid542,-0.0040079365079365003
valid543,-0.10272222222222221
valid544,0.80452380952380953
valid545,1.0
valid546,-0.022658730158730159
valid547,0.027777777777777776
valid548,-0.24866666666666665
valid549,-0.30101587301587301
valid550,-0.47438888888888892
valid551,-0.2058888888888889
valid552,0.0
valid553,0.068873015873015878
valid554,-0.77523015873015866
valid555,0.32484920634920633
valid556,-0.33674603174603179
valid557,-0.7447380952380952
valid558,0.10243650793650794
valid559,0.16142857142857145
valid560,0.28438888888888886
valid561,0.97771428571428576
valid562,0.015269841269841268
valid563,0.0
valid564,-0.22653174603174603
valid565,-0.015928571428571438
valid566,-1.0
valid567,0.19070634920634916
valid568,-0.84166666666666656
valid569,0.77300000000000002
valid570,-0.23448412698412699
valid571,-0.35033333333333339
valid572,-1.0
valid573,-0.1369761904761905
valid574,-0.60101587301587311
valid575,-0.12994444444444445
valid576,0.001230158730158738
valid577,0.36442063492063492
valid578,0.13828571428571429
valid579,-0.044015873015873001
valid580,0.04777777777777778
valid581,0.89477777777777789
valid582,-0.061071428571428568
valid583,0.40666666666666673
valid584,0.027999999999999997
valid585,0.46588095238095234
valid586,0.071841269841269845
valid587,-0.27790476190476188
valid588,-0.050476190476190466
valid589,-0.004000000000000001
valid590,-1.0
valid591,0.16718253968253968
valid592,0.35892063492063486
valid593,-0.032142857142857147
valid594,0.89869841269841255
valid595,0.59666666666666668
valid596,-0.0080000000000000002
valid597,-0.045714285714285714
valid598,0.40507936507936504
valid599,-0.0097222222222222224
valid600,0.086793650793650812
valid601,0.10092857142857142
valid602,0.01401587301587302
valid603,-0.015452380952380954
valid604,-0.044563492063492062
valid605,-0.069968253968253971
valid606,-0.59444444444444444
valid607,-0.26856349206349212
valid608,0.21347619047619049
valid609,0.089277777777777775
valid610,-0.53539682539682532
valid611,-0.13099206349206349
valid612,0.95428571428571429
valid613,-0.34342857142857147
valid614,-0.97333333333333338
valid615,0.34176984126984133
valid616,0.46380158730158727
valid617,-0.022857142857142857
valid618,0.54972222222222211
valid619,0.99142857142857144
valid620,-0.087380952380952392
valid621,-0.078690476190476158
valid622,-0.98412698412698407
valid623,0.17936507936507937
valid624,0.93619047619047624
valid625,0.124
valid626,0.70761111111111119
valid627,-0.43221428571428566
valid628,-0.046936507936507936
valid629,0.88583333333333347
valid630,1.0
valid631,0.13817460317460317
valid632,0.18700793650793648
valid633,0.37936507936507935
valid634,-0.22738888888888892
valid635,-0.48232539682539682
valid636,-0.080571428571428572
valid637,-0.27939682539682542
valid638,0.0
valid639,-0.037984126984126988
valid640,0.0
valid641,0.26342063492063494
valid642,0.015436507936507939
valid643,0.31697619047619047
valid644,0.1900634920634921
valid645,0.12003174603174607
valid646,0.0
valid647,1.0
valid648,0.0
valid649,-0.2781825396825397
valid650,0.040214285714285716
valid651,0.65881746031746036
valid652,-0.011666666666666665
valid653,-0.0054285714285714302
valid654,-0.20246825396825396
valid655,-0.040166666666666663
valid656,0.10980158730158729
valid657,-0.21720634920634921
valid658,0.11424603174603172
valid659,1.0
valid660,-0.0088888888888888889
valid661,0.152484126984127
valid662,-0.3871904761904762
valid663,-0.78319841269841262
valid664,1.0
valid665,0.0
valid666,0.48887301587301585
valid667,0.75215873015873014
valid668,-0.2037936507936508
valid669,0.5030714285714285
valid670,0.19747619047619047
valid671,-0.17159523809523808
valid672,-0.1404920634920635
valid673,0.20694444444444443
valid674,0.083753968253968247
valid675,0.13750000000000001
valid676,0.10104761904761904
valid677,-1.0
valid678,-0.02907936507936508
valid679,1.0
valid680,-0.016904761904761902
valid681,0.7977063492063492
valid682,-0.24191269841269838
valid683,-0.022103174603174604
valid684,0.13795238095238094
valid685,-1.0
valid686,-0.37894444444444447
valid687,0.086999999999999994
valid688,-0.83966666666666667
valid689,-0.28796031746031747
valid690,-0.64827777777777773
valid691,0.0050000000000000001
valid692,-0.004000000000000001
valid693,-0.84916666666666674
valid694,0.0
valid695,-0.056777777777777774
valid696,0.023468253968253965
valid697,0.018396825396825398
valid698,-0.025142857142857144
valid699,0.40161111111111114
valid700,0.97083333333333344
valid701,-0.50736507936507935
valid702,-0.17091269841269846
valid703,0.013333333333333334
valid704,-0.046904761904761907
valid705,0.71651587301587294
valid706,0.46030952380952384
valid707,0.23704761904761906
valid708,0.53543650793650799
valid709,-0.0048015873015872998
valid710,1.0
valid711,0.4032222222222222
valid712,-0.26870634920634923
valid713,-0.16104761904761905
valid714,-0.10424603174603174
valid715,0.036000000000000004
valid716,0.28926190476190483
valid717,0.068246031746031749
valid718,-0.096079365079365056
valid719,-0.20984126984126983
valid720,0.85008730158730161
valid721,0.046944444444444448
valid722,0.079174603174603175
valid723,1.0
valid724,0.040063492063492065
valid725,-0.13444444444444442
valid726,-0.96999999999999986
valid727,-0.0030793650793650819
valid728,0.083714285714285699
valid729,0.28714285714285714
valid730,-0.030634920634920636
valid731,0.57825396825396824
valid732,0.0
valid733,-0.038849206349206362
valid734,-0.0018095238095238164
valid735,0.10347619047619046
valid736,0.0534920634920635
valid737,-0.89000000000000001
valid738,-0.58490476190476204
valid739,0.32407142857142857
valid740,-0.096349206349206323
valid741,0.0024603174603174604
valid742,0.070753968253968264
valid743,0.3203968253968254
valid744,-0.89583333333333326
valid745,0.084563492063492077
valid746,-0.099603174603174624
valid747,0.0058333333333333327
valid748,0.94533333333333336
valid749,0.040000000000000001
valid750,0.88333333333333341
valid751,-0.61234126984126991
valid752,0.88952380952380949
valid753,0.44995238095238099
valid754,1.0
valid755,0.98499999999999999
valid756,0.64233333333333331
valid757,0.474904761904762
valid758,-0.027309523809523811
valid759,-0.0050000000000000001
valid760,-0.057999999999999996
valid761,-0.029682539682539685
valid762,-0.01207936507936508
valid763,-1.0
valid764,0.18519047619047618
valid765,-0.15491269841269842
valid766,0.1051825396825397
valid767,-0.43134920634920632
valid768,0.13042063492063491
valid769,-0.018500000000000003
valid770,0.74134126984126991
valid771,-0.097499999999999976
valid772,-0.081619047619047619
valid773,0.013000000000000001
valid774,0.27755555555555561
valid775,-0.39416666666666667
valid776,0.0
valid777,-0.23960317460317462
valid778,0.039730158730158741
valid779,-0.84825396825396837
valid780,0.17478571428571427
valid781,0.45013492063492067
valid782,-0.89800000000000002
valid783,-0.086626984126984136
valid784,-0.023833333333333331
valid785,-0.02
valid786,1.0
valid787,1.0
valid788,-0.11345238095238094
valid789,-0.033904761904761917
valid790,-0.26757142857142857
valid791,-0.97999999999999998
valid792,0.070007936507936519
valid793,-0.95904761904761893
valid794,-0.087444444444444436
valid795,0.045015873015873009
valid796,0.40219047619047621
valid797,0.0
valid798,0.24542063492063487
valid799,-0.0085714285714285701
valid800,0.96999999999999997
valid801,0.113
valid802,-0.064523809523809525
valid803,-0.090555555555555556
valid804,0.44515873015873014
valid805,-0.063452380952380955
valid806,-0.43857936507936512
valid807,-0.016666666666666666
valid808,-0.4588174603174604
valid809,0.94333333333333347
valid810,-0.077365079365079345
valid811,0.098428571428571435
valid812,-0.1275
valid813,0.32709523809523816
valid814,0.051468253968253962
valid815,0.27049206349206351
valid816,0.41415873015873017
valid817,0.21301587301587299
valid818,-0.21384920634920637
valid819,-0.51353174603174601
valid820,-0.075611111111111101
valid821,-0.9555555555555556
valid822,-0.077730158730158733
valid823,-0.061817460317460313
valid824,-0.24623015873015866
valid825,0.15250000000000002
valid826,0.36173015873015868
valid827,0.24657142857142858
valid828,-0.20666666666666667
valid829,0.32628571428571429
valid830,0.039531746031746015
valid831,-0.086214285714285716
valid832,-0.1555634920634921
valid833,-0.28166666666666668
valid834,0.0026666666666666683
valid835,-0.73331746031746026
valid836,-0.34376190476190471
valid837,0.0
valid838,-1.0
valid839,-0.1362936507936508
valid840,-0.40944444444444433
valid841,-0.10237301587301589
valid842,-0.02
valid843,-0.95833333333333326
valid844,0.32725396825396835
valid845,-0.21670634920634924
valid846,-0.023492063492063498
valid847,0.56526984126984114
valid848,-1.0
valid849,-0.27557936507936509
valid850,0.21267460317460318
valid851,-0.94833333333333325
valid852,0.053174603174603173
valid853,-0.059999999999999998
valid854,-0.41394444444444445
valid855,0.30253968253968255
valid856,0.012507936507936508
valid857,-0.029793650793650789
valid858,0.02
valid859,-0.12212698412698413
valid860,1.0
valid861,0.040087301587301588
valid862,-0.92400000000000004
valid863,-1.0
valid864,1.0
valid865,0.17838095238095239
valid866,-0.21923809523809523
valid867,-0.27791269841269839
valid868,-0.066000000000000003
valid869,-0.82927777777777778
valid870,0.1004047619047619
valid871,0.17846825396825397
valid872,0.00018253968253968412
valid873,-0.36606349206349209
valid874,-0.084920634920634896
valid875,-0.051396825396825385
valid876,0.016388888888888894
valid877,0.70294444444444437
valid878,-0.038087301587301586
valid879,-0.16876190476190481
valid880,-0.089206349206349206
valid881,-0.078523809523809524
valid882,-0.12668253968253967
valid883,-0.30151587301587307
valid884,0.0
valid885,-0.0062142857142857234
valid886,0.16111111111111109
valid887,-0.38446825396825396
valid888,0.17753968253968253
valid889,0.273984126984127
valid890,0.19911904761904761
valid891,0.85345238095238107
valid892,0.53159523809523812
valid893,-1.0
valid894,-0.10603174603174605
valid895,0.019
valid896,0.25572222222222218
valid897,-0.071952380952380948
valid898,0.30380952380952381
valid899,0.0022857142857142776
valid900,1.0
valid901,0.1551031746031746
valid902,0.0016666666666666674
valid903,-0.10120634920634922
valid904,-0.017484126984126984
valid905,0.15765079365079365
valid906,0.94555555555555559
valid907,0.14705555555555558
valid908,0.61918253968253978
valid909,0.02
valid910,0.31467460317460311
valid911,0.032857142857142863
valid912,-0.88800000000000001
valid913,-0.995
valid914,-0.87166666666666659
valid915,-0.39070634920634917
valid916,-0.63418253968253968
valid917,-0.0046269841269841253
valid918,0.0026190476190476185
valid919,-0.93000000000000005
valid920,0.0
valid921,0.63149999999999995
valid922,0.0068333333333333354
valid923,0.0
valid924,-0.050730158730158716
valid925,-0.09411111111111109
valid926,-0.98000000000000009
valid927,-0.92428571428571427
valid928,0.064119047619047617
valid929,0.35982539682539688
valid930,0.97111111111111115
valid931,0.30173809523809525
valid932,0.26314285714285712
valid933,0.9738888888888888
valid934,-0.20753174603174604
valid935,-0.046666666666666669
valid936,0.077857142857142861
valid937,0.42702380952380947
valid938,-0.052420634920634923
valid939,0.12904761904761905
valid940,1.0
valid941,0.13222222222222221
valid942,0.011055555555555549
valid943,-1.0
valid944,0.23215873015873015
valid945,0.025793650793650799
valid946,1.0
valid947,0.16408730158730159
valid948,0.1601428571428572
valid949,-0.036023809523809527
valid950,-0.035238095238095235
valid951,-0.30542063492063493
valid952,-0.12624603174603174
valid953,0.081714285714285712
valid954,1.0
valid955,-0.54732539682539683
valid956,-0.0037777777777777775
valid957,-0.16233333333333333
valid958,-0.31998412698412698
valid959,0.136031746031746
valid960,0.00058730158730158966
valid961,-0.076428571428571429
valid962,0.32687301587301582
valid963,0.67087301587301595
valid964,-0.091666666666666674
valid965,1.0
valid966,0.97428571428571431
valid967,0.37653174603174605
valid968,-0.19067460317460319
valid969,-0.089928571428571413
valid970,0.016277777777777773
valid971,-0.33054761904761909
valid972,0.021111111111111112
valid973,0.9823412698412699
valid974,-0.36525396825396828
valid975,0.098412698412698382
valid976,0.027777777777777776
valid977,0.49252380952380947
valid978,-0.75988888888888884
valid979,0.19873809523809527
valid980,0.086500000000000007
valid981,-0.24313492063492062
valid982,0.056833333333333333
valid983,0.47259523809523812
valid984,0.14441269841269841
valid985,0.089793650793650773
valid986,0.31053968253968256
valid987,-0.19869841269841268
valid988,0.12396825396825395
valid989,0.29896031746031743
valid990,-0.06896825396825397
valid991,-0.10928571428571426
valid992,0.06780952380952382
valid993,0.026579365079365081
valid994,-0.16023809523809518
valid995,0.87111111111111117
valid996,0.14289682539682541
valid997,-0.099682539682539678
valid998,-0.55834920634920637
valid999,-0.12523809523809526
valid1000,-0.086071428571428577
valid1001,0.011460317460317462
valid1002,-1.0
valid1003,0.13429365079365077
valid1004,-1.0
valid1005,-0.084817460317460305
valid1006,0.48833333333333334
valid1007,-0.019166666666666669
valid1008,-0.013611111111111112
valid1009,0.16567460317460317
valid1010,0.60489682539682543
valid1011,0.17250793650793653
valid1012,-0.047
valid1013,-0.0095238095238095229
valid1014,0.32465079365079363
valid1015,0.57840476190476187
valid1016,0.66522222222222216
valid1017,0.012777777777777777
valid1018,0.3322857142857143
valid1019,0.0
valid1020,-0.30965873015873013
valid1021,-0.059865079365079364
valid1022,0.22755555555555554
valid1023,-0.26486507936507941
valid1024,-0.034595238095238096
valid1025,0.45138888888888884
valid1026,0.12994444444444445
valid1027,0.46384126984126989
valid1028,-0.12277777777777779
valid1029,-0.0057698412698412669
valid1030,-0.08199999999999999
valid1031,-0.95750000000000002
valid1032,0.63954761904761914
valid1033,0.61374603174603171
valid1034,0.044999999999999998
valid1035,0.73640476190476212
valid1036,0.22402380952380954
valid1037,0.068000000000000005
valid1038,0.25262698412698414
valid1039,0.13243650793650794
valid1040,-0.42813492063492065
valid1041,-0.62511904761904769
valid1042,-0.18315079365079368
valid1043,0.31716666666666671
valid1044,-0.13333333333333336
valid1045,-0.06261904761904763
valid1046,-0.099587301587301572
valid1047,-0.094333333333333325
valid1048,-0.10271428571428574
valid1049,0.088095238095238088
valid1050,-0.021111111111111112
valid1051,0.084841269841269842
valid1052,-0.83357142857142863
valid1053,0.39773015873015871
valid1054,0.8242857142857144
valid1055,-0.89666666666666672
valid1056,0.72731746031746036
valid1057,-0.01
valid1058,-0.049095238095238081
valid1059,-0.09623809523809522
valid1060,-0.34067460317460324
valid1061,-0.35265873015873012
valid1062,-0.039285714285714285
valid1063,1.0
valid1064,0.085777777777777786
valid1065,0.10631746031746031
valid1066,0.22612698412698409
valid1067,0.0
valid1068,0.082492063492063478
valid1069,-0.18819047619047619
valid1070,-0.017896825396825383
valid1071,-0.41623015873015873
valid1072,-0.018095238095238095
valid1073,-0.23810317460317465
valid1074,0.96011904761904754
valid1075,-0.015238095238095238
valid1076,-0.37453174603174594
valid1077,0.11361111111111112
valid1078,0.046666666666666662
valid1079,-0.16887301587301587
valid1080,0.13751587301587301
valid1081,0.0041190476190476168
valid1082,-0.0080158730158730231
valid1083,1.0
valid1084,-0.96016666666666683
valid1085,-0.07784126984126985
valid1086,-0.022396825396825398
valid1087,0.21099206349206348
valid1088,0.26026984126984126
valid1089,0.011523809523809526
valid1090,0.92000000000000004
valid1091,-0.0090476190476190474
valid1092,0.56075396825396817
valid1093,-0.031444444444444442
valid1094,-0.14149999999999996
valid1095,0.22238888888888891
valid1096,0.0055555555555555558
valid1097,-0.062325396825396825
valid1098,0.95999999999999996
valid1099,0.17819047619047615
valid1100,-0.30007936507936506
valid1101,-0.17356349206349203
valid1102,-0.094095238095238093
valid1103,0.074444444444444452
valid1104,-0.61099999999999999
valid1105,0.23863492063492062
valid1106,-0.94595238095238099
valid1107,0.46111111111111119
valid1108,0.094650793650793652
valid1109,-0.69957936507936525
valid1110,-0.82000000000000017
valid1111,-0.094849206349206336
valid1112,-0.94761904761904769
valid1113,-0.12857142857142859
valid1114,-0.94833333333333347
valid1115,-0.017857142857142856
valid1116,0.13570634920634922
valid1117,-0.11019841269841271
valid1118,0.0
valid1119,0.27958730158730161
valid1120,-0.54541269841269846
valid1121,-0.020285714285714285
valid1122,0.20591269841269838
valid1123,-0.061269841269841266
valid1124,0.23295238095238094
valid1125,-0.059134920634920658
valid1126,0.061396825396825422
valid1127,-0.36768253968253972
valid1128,-0.00019841269841270549
valid1129,-0.29125396825396821
valid1130,0.66550000000000009
valid1131,0.067642857142857143
valid1132,0.5916746031746033
valid1133,-0.55742857142857138
valid1134,-0.41082539682539682
valid1135,-0.64107936507936503
valid1136,-0.51808730158730165
valid1137,-0.3252936507936508
valid1138,0.90703968253968237
valid1139,-0.0013333333333333331
valid1140,-0.56132539682539684
valid1141,-0.0082380952380952353
valid1142,-0.22568253968253965
valid1143,-0.96166666666666667
valid1144,-0.93999999999999995
valid1145,-0.1251190476190476
valid1146,0.57366666666666666
valid1147,-0.95333333333333325
valid1148,0.43036507936507939
valid1149,0.79505555555555574
valid1150,0.0033333333333333331
valid1151,0.19915079365079361
valid1152,-0.017619047619047621
valid1153,-0.12433333333333334
valid1154,0.11269841269841269
valid1155,-0.046666666666666662
valid1156,-0.031428571428571431
valid1157,0.08819841269841272
valid1158,0.078730158730158734
valid1159,0.0
valid1160,0.52105555555555549
valid1161,0.22469047619047619
valid1162,-0.062785714285714278
valid1163,0.11276190476190477
valid1164,1.0
valid1165,0.28588095238095235
valid1166,0.069293650793650782
valid1167,0.90083333333333337
valid1168,1.0
valid1169,-0.043857142857142851
valid1170,-0.30298412698412697
valid1171,-0.02571428571428571
valid1172,-0.48734920634920637
valid1173,0.016666666666666666
valid1174,0.0066666666666666662
valid1175,-0.76994444444444454
valid1176,-0.61586507936507939
valid1177,-0.17737301587301588
valid1178,0.32455555555555565
valid1179,-0.46538888888888885
valid1180,-0.064888888888888885
valid1181,-0.060206349206349222
valid1182,-0.59190476190476193
valid1183,-0.39190476190476192
valid1184,-0.021944444444444447
valid1185,-0.11021428571428572
valid1186,0.031365079365079367
valid1187,-0.094619047619047617
valid1188,0.0
valid1189,-0.026857142857142843
valid1190,-0.34551587301587305
valid1191,-0.91249999999999998
valid1192,0.9838095238095238
valid1193,-0.21596031746031744
valid1194,1.0
valid1195,1.0
valid1196,-0.23214285714285715
valid1197,0.27038095238095239
valid1198,-0.072722222222222216
valid1199,0.047333333333333331
valid1200,0.22187301587301589
valid1201,0.13878571428571429
valid1202,-0.48641269841269852
valid1203,-0.039428571428571452
valid1204,0.97999999999999998
valid1205,0.018031746031746048
valid1206,1.0
valid1207,1.0
valid1208,-0.29396031746031748
valid1209,0.0
valid1210,0.18369047619047621
valid1211,-0.12022222222222222
valid1212,0.14862698412698414
valid1213,-0.19154761904761902
valid1214,0.082039682539682524
valid1215,-0.24976190476190471
valid1216,0.11194444444444444
valid1217,0.58483333333333332
valid1218,-0.45795238095238089
valid1219,0.0013333333333333374
valid1220,-0.0022222222222222222
valid1221,0.082380952380952374
valid1222,-0.1848809523809524
valid1223,0.027968253968253948
valid1224,0.99428571428571433
valid1225,0.14496031746031746
valid1226,1.0
valid1227,0.029420634920634927
valid1228,-0.20226984126984127
valid1229,-0.96250000000000002
valid1230,0.069206349206349216
valid1231,0.41183333333333327
valid1232,0.55615873015873019
valid1233,-0.18684126984126986
valid1234,-0.97333333333333327
valid1235,0.067920634920634937
valid1236,1.0
valid1237,0.011000000000000001
valid1238,-0.028793650793650795
valid1239,-0.0025000000000000001
valid1240,0.1541190476190476
valid1241,-0.0044444444444444444
valid1242,-0.034126984126984138
valid1243,-0.10457142857142855
valid1244,0.083452380952380972
valid1245,0.79686507936507955
valid1246,0.0071428571428571418
valid1247,-0.424579365079365
valid1248,0.023500000000000014
valid1249,0.30990476190476191
valid1250,0.20278571428571432
valid1251,0.18346825396825397
valid1252,0.50247619047619052
valid1253,0.024119047619047613
valid1254,0.21057142857142858
valid1255,0.17400793650793647
valid1256,0.11712698412698415
valid1257,0.21158730158730157
valid1258,0.0
valid1259,-0.12345238095238095
valid1260,-0.67063492063492058
valid1261,0.22471428571428573
valid1262,0.21892063492063496
valid1263,0.77111111111111119
valid1264,0.040000000000000001
valid1265,0.34370634920634918
valid1266,-0.074960317460317449
valid1267,-0.12490476190476191
valid1268,0.040976190476190479
valid1269,-1.0
valid1270,0.17173809523809522
valid1271,0.21353174603174607
valid1272,-0.0017936507936507928
valid1273,-0.995
valid1274,-0.99666666666666659
valid1275,0.24164285714285716
valid1276,0.12050000000000001
valid1277,0.22672222222222221
valid1278,-0.062333333333333331
valid1279,0.09546825396825398
valid1280,-0.19071428571428573
valid1281,-0.51886507936507942
valid1282,0.0
valid1283,0.17927777777777776
valid1284,0.36260317460317459
valid1285,0.038436507936507942
valid1286,-0.072539682539682543
valid1287,-0.27755555555555561
valid1288,-0.36512698412698419
valid1289,-0.0047222222222222231
valid1290,-0.020436507936507933
valid1291,-0.051269841269841264
valid1292,0.70223809523809533
valid1293,0.7804444444444445
valid1294,-0.055238095238095239
valid1295,1.0
valid1296,-0.0045555555555555523
valid1297,0.98999999999999999
valid1298,0.24299999999999997
valid1299,-0.00019841269841270215
valid1300,0.10000000000000001
valid1301,0.11072222222222219
valid1302,0.0098571428571428595
valid1303,0.23479365079365078
valid1304,-0.93707142857142867
valid1305,-0.044238095238095229
valid1306,-0.11788888888888889
valid1307,-0.16295238095238093
valid1308,0.4838095238095238
valid1309,-0.11631746031746032
valid1310,-0.72849999999999993
valid1311,-0.16293650793650788
valid1312,0.048206349206349204
valid1313,-0.20378571428571426
valid1314,0.15575396825396826
valid1315,0.040166666666666663
valid1316,0.12761904761904763
valid1317,0.89214285714285713
valid1318,0.17801587301587304
valid1319,0.099611111111111122
valid1320,-0.44883333333333331
valid1321,-1.0
valid1322,0.34953174603174608
valid1323,-0.051309523809523812
valid1324,-0.41076190476190483
valid1325,-0.14718253968253969
valid1326,1.0
valid1327,-0.017500000000000002
valid1328,0.019444444444444445
valid1329,-0.13161111111111112
valid1330,-0.14956349206349207
valid1331,-0.51321428571428562
valid1332,0.59200000000000008
valid1333,0.1023968253968254
valid1334,0.071111111111111111
valid1335,-0.28193650793650793
valid1336,0.12
valid1337,0.50995238095238105
valid1338,0.94333333333333347
valid1339,-0.14205555555555555
valid1340,0.0
valid1341,-0.9933333333333334
valid1342,-0.68638888888888905
valid1343,0.21366666666666667
valid1344,0.097142857142857156
valid1345,-1.0
valid1346,0.030769841269841267
valid1347,-0.05269841269841271
valid1348,-0.34551587301587294
valid1349,0.039166666666666669
valid1350,-0.27853174603174607
valid1351,0.17758730158730163
valid1352,0.25061111111111106
valid1353,-0.2011111111111111
valid1354,0.26049206349206344
valid1355,0.52492063492063501
valid1356,-0.69412698412698415
valid1357,-0.66203174603174597
valid1358,0.98184126984126996
valid1359,-0.14965873015873016
valid1360,0.51383333333333336
valid1361,-0.22412698412698415
valid1362,-0.033833333333333326
valid1363,0.079650793650793694
valid1364,0.089999999999999997
valid1365,-0.80442857142857138
valid1366,0.11993650793650794
valid1367,0.059634920634920617
valid1368,-0.046333333333333331
valid1369,0.1485238095238095
valid1370,-0.014944444444444444
valid1371,0.79690476190476189
valid1372,0.0
valid1373,0.28711111111111109
valid1374,-0.95999999999999996
valid1375,-0.08913492063492065
valid1376,-0.42626984126984124
valid1377,-0.5473809523809523
valid1378,0.075849206349206375
valid1379,0.97999999999999998
valid1380,-0.15057142857142858
valid1381,0.14419841269841269
valid1382,-0.48057142857142848
valid1383,0.2578571428571429
valid1384,0.23188888888888884
valid1385,0.73928571428571432
valid1386,-0.10199999999999999
valid1387,0.2996428571428571
valid1388,0.12027777777777779
valid1389,0.42523809523809525
valid1390,0.0
valid1391,0.98357142857142865
valid1392,-0.13649999999999998
valid1393,0.0
valid1394,-0.051944444444444446
valid1395,0.27509523809523806
valid1396,0.10498412698412699
valid1397,0.061420634920634931
valid1398,0.48477777777777781
valid1399,0.42325396825396838
valid1400,-0.29355555555555557
valid1401,-0.00055555555555555577
valid1402,0.72186507936507938
valid1403,0.055111111111111111
valid1404,0.28350793650793649
valid1405,0.43122222222222228
valid1406,-0.66193650793650805
valid1407,-0.035555555555555556
valid1408,0.12072222222222222
valid1409,-0.10166666666666666
valid1410,0.18249999999999997
valid1411,0.12271428571428571
valid1412,0.0
valid1413,-0.031111111111111107
valid1414,-0.18293650793650787
valid1415,-0.041166666666666671
valid1416,0.29515873015873012
valid1417,-0.081468253968253967
valid1418,-0.087507936507936521
valid1419,-0.16670634920634922
valid1420,1.0
valid1421,0.11893650793650794
valid1422,-0.20946825396825391
valid1423,-0.13392857142857145
valid1424,0.22661111111111112
valid1425,-0.25900793650793658
valid1426,-0.39605555555555555
valid1427,-0.17614285714285713
valid1428,1.0
valid1429,-0.27665873015873016
valid1430,-0.23499999999999999
valid1431,-0.24324603174603174
valid1432,0.063134920634920627
valid1433,-0.037333333333333336
valid1434,0.4953968253968255
valid1435,-0.0083571428571428564
valid1436,-0.89555555555555555
valid1437,0.02
valid1438,0.082976190476190481
valid1439,0.13171428571428573
valid1440,-0.51321428571428573
valid1441,-0.17722222222222225
valid1442,0.72042857142857142
valid1443,0.99333333333333329
valid1444,0.19926190476190478
valid1445,-0.029126984126984123
valid1446,0.19957142857142859
valid1447,-0.16196825396825398
valid1448,-0.11011111111111113
valid1449,0.024857142857142859
valid1450,0.17266666666666663
valid1451,-0.092261904761904767
valid1452,0.87976190476190486
valid1453,0.0
valid1454,0.11228571428571428
valid1455,0.27240476190476187
valid1456,0.0
valid1457,0.21634126984126983
valid1458,0.57173809523809527
valid1459,0.46431746031746035
valid1460,0.01
valid1461,-0.061603174603174618
valid1462,-0.65823015873015867
valid1463,-0.1225
valid1464,0.5948888888888888
valid1465,0.22320634920634919
valid1466,-1.0
valid1467,0.052523809523809542
valid1468,-0.0094365079365079426
valid1469,0.1602619047619048
valid1470,-0.023761904761904741
valid1471,-0.063015873015873011
valid1472,0.98083333333333345
valid1473,-1.0
valid1474,-0.24583333333333335
valid1475,-0.20323809523809522
valid1476,-0.02
valid1477,-0.11679365079365082
valid1478,0.0
valid1479,-0.12196031746031746
valid1480,0.0
valid1481,-0.078714285714285723
valid1482,0.18141269841269839
valid1483,-0.12571428571428572
valid1484,-0.068944444444444447
valid1485,-0.95499999999999996
valid1486,0.13999206349206347
valid1487,-0.14331746031746032
valid1488,0.78900000000000003
valid1489,-0.11945238095238095
valid1490,-0.22716666666666666
valid1491,0.042277777777777775
valid1492,-0.017142857142857144
valid1493,-0.010515873015873001
valid1494,0.29738095238095241
valid1495,-0.0016666666666666663
valid1496,0.3451111111111112
valid1497,-0.017253968253968251
valid1498,0.0038095238095238095
valid1499,0.22105555555555553
valid1500,-0.41606349206349208
valid1501,-0.045611111111111109
valid1502,-1.0
valid1503,0.030499999999999999
valid1504,0.0025000000000000001
valid1505,-0.082039682539682565
valid1506,0.02
valid1507,0.036666666666666667
valid1508,-0.94285714285714295
valid1509,-0.044349206349206353
valid1510,0.018285714285714287
valid1511,0.97999999999999998
valid1512,-0.070619047619047623
valid1513,-0.15183333333333332
valid1514,0.10695238095238095
valid1515,0.24028571428571424
valid1516,-0.37357142857142855
valid1517,-0.070666666666666669
valid1518,0.028571428571428571
valid1519,-0.065912698412698423
valid1520,0.98750000000000004
valid1521,-0.05757936507936507
valid1522,0.21795238095238098
valid1523,-0.023666666666666673
valid1524,0.099460317460317429
valid1525,-0.094785714285714279
valid1526,0.0041031746031746016
valid1527,0.11689682539682539
valid1528,-0.0155
valid1529,0.52484126984126989
valid1530,-0.36300000000000004
valid1531,1.0
valid1532,0.071246031746031738
valid1533,0.10736507936507934
valid1534,-0.018642857142857142
valid1535,0.094325396825396798
valid1536,0.25692063492063488
valid1537,0.02
valid1538,-0.57157936507936513
valid1539,0.0012380952380952382
valid1540,-0.022499999999999999
valid1541,0.14988888888888888
valid1542,0.19136507936507932
valid1543,-1.0
valid1544,-0.031452380952380954
valid1545,-0.30112698412698413
valid1546,-0.76055555555555554
valid1547,0.041746031746031739
valid1548,0.21304761904761904
valid1549,0.21274603174603177
valid1550,-0.090999999999999998
valid1551,-0.33353174603174601
valid1552,-0.081666666666666665
valid1553,-0.019880952380952381
valid1554,0.95916666666666661
valid1555,-0.42837301587301596
valid1556,-0.5365793650793651
valid1557,-0.54658730158730162
valid1558,-0.15138095238095237
valid1559,-0.067722222222222225
valid1560,-0.029611111111111109
valid1561,0.098920634920634909
valid1562,-0.23069841269841274
valid1563,0.9011111111111112
valid1564,-0.0011746031746031615
valid1565,0.024515873015873019
valid1566,-0.077142857142857138
valid1567,-0.16438095238095241
valid1568,-0.18463492063492062
valid1569,-0.073357142857142815
valid1570,-0.76500000000000012
valid1571,0.10602380952380953
valid1572,0.068650793650793643
valid1573,0.97199999999999998
valid1574,-0.068571428571428561
valid1575,0.84091269841269833
valid1576,-0.92833333333333323
valid1577,0.0037619047619047575
valid1578,-0.041634920634920636
valid1579,0.014222222222222221
valid1580,0.34765873015873017
valid1581,0.030539682539682547
valid1582,-0.20591269841269849
valid1583,0.98571428571428565
valid1584,-0.039714285714285716
valid1585,0.14491269841269841
valid1586,0.02388888888888889
valid1587,0.72742857142857131
valid1588,1.0
valid1589,0.33216666666666667
valid1590,1.0
valid1591,-0.17672222222222217
valid1592,-0.30950793650793651
valid1593,-0.1056031746031746
valid1594,0.10988095238095237
valid1595,0.055476190476190478
valid1596,-0.96666666666666667
valid1597,0.43315873015873024
valid1598,-1.0
valid1599,0.0597063492063492
valid1600,-0.086095238095238114
valid1601,-0.061666666666666668
valid1602,0.24145238095238095
valid1603,0.19391269841269845
valid1604,0.20818253968253969
valid1605,0.019142857142857156
valid1606,0.22903968253968254
valid1607,-0.47256349206349207
valid1608,0.071714285714285717
valid1609,0.02338095238095237
valid1610,-0.56817460317460322
valid1611,-0.10716666666666665
valid1612,0.56840476190476186
valid1613,1.0
valid1614,0.44302380952380949
valid1615,0.077809523809523787
valid1616,1.0
valid1617,0.2005079365079365
valid1618,0.26011111111111107
valid1619,0.26191269841269843
valid1620,-0.067261904761904759
valid1621,0.13485714285714287
valid1622,-0.41329365079365082
valid1623,-1.0
valid1624,0.060079365079365087
valid1625,-0.090396825396825392
valid1626,0.12761111111111109
valid1627,0.95999999999999996
valid1628,0.98555555555555552
valid1629,0.0060317460317460304
valid1630,0.80099206349206342
valid1631,-0.020388888888888887
valid1632,-0.0097857142857142865
valid1633,-0.023333333333333334
valid1634,-0.23830952380952375
valid1635,-0.063825396825396827
valid1636,0.014023809523809523
valid1637,0.37707142857142856
valid1638,0.062666666666666662
valid1639,0.084166666666666667
valid1640,-0.39973809523809523
valid1641,0.13583333333333333
valid1642,0.2658888888888889
valid1643,0.30545238095238098
valid1644,-0.019111111111111113
valid1645,0.38525396825396835
valid1646,-0.28508730158730156
valid1647,0.024738095238095236
valid1648,0.17226190476190478
valid1649,0.98750000000000004
valid1650,0.23438095238095244
valid1651,-0.32031746031746033
valid1652,-0.18215079365079367
valid1653,0.04668253968253968
valid1654,0.19681746031746031
valid1655,0.18875396825396826
valid1656,-0.23921428571428571
valid1657,-0.0066666666666666662
valid1658,0.065555555555555561
valid1659,0.020166666666666666
valid1660,0.14229365079365081
valid1661,-0.024444444444444446
valid1662,0.11372222222222224
valid1663,0.096357142857142863
valid1664,0.54399206349206342
valid1665,0.068888888888888888
valid1666,-0.34133333333333332
valid1667,0.02
valid1668,0.72766666666666679
valid1669,0.055404761904761901
valid1670,-0.88433333333333319
valid1671,0.030555555555555555
valid1672,0.018507936507936515
valid1673,-0.072944444444444465
valid1674,-0.480404761904762
valid1675,-0.39595238095238094
valid1676,0.14938888888888888
valid1677,1.0
valid1678,0.0059920634920634956
valid1679,0.10473015873015873
valid1680,-0.160515873015873
valid1681,0.11857142857142858
valid1682,0.9395714285714285
valid1683,0.16954761904761903
valid1684,0.087801587301587297
valid1685,-0.0028571428571428571
valid1686,-0.25436507936507935
valid1687,-0.46586507936507937
valid1688,0.062595238095238093
valid1689,-0.510063492063492
valid1690,-0.78378571428571431
valid1691,0.16141269841269845
valid1692,0.71704761904761893
valid1693,-0.19093650793650796
valid1694,0.2433492063492064
valid1695,0.15806349206349207
valid1696,0.071738095238095226
valid1697,-0.80777777777777771
valid1698,0.055746031746031745
valid1699,0.99714285714285711
valid1700,-0.3883571428571429
valid1701,-0.41327777777777769
valid1702,-0.02
valid1703,0.0066666666666666671
valid1704,0.0
valid1705,-0.48379365079365089
valid1706,-0.98190476190476195
valid1707,0.30674603174603171
valid1708,0.1928968253968254
valid1709,0.13231746031746033
valid1710,-1.0
valid1711,-0.18123015873015869
valid1712,0.019349206349206352
valid1713,-0.20968253968253969
valid1714,-1.0
valid1715,0.32723809523809522
valid1716,-0.64825396825396842
valid1717,-0.0043174603174603197
valid1718,-0.14995238095238095
valid1719,-0.062841269841269837
valid1720,0.91142857142857137
valid1721,-0.06691269841269841
valid1722,-0.19388888888888889
valid1723,0.11873809523809524
valid1724,-0.34669047619047616
valid1725,0.018293650793650792
valid1726,0.1653968253968254
valid1727,-0.061674603174603167
valid1728,-0.13765079365079366
valid1729,-0.03438095238095238
valid1730,-1.0
valid1731,-0.3746666666666667
valid1732,-0.0037619047619047684
valid1733,0.96400000000000008
valid1734,0.98333333333333339
valid1735,-8.7301587301586998e-05
valid1736,1.0
valid1737,0.10753174603174603
valid1738,0.035873015873015869
valid1739,-0.10079365079365081
valid1740,0.028642857142857147
valid1741,0.66855555555555557
valid1742,0.25057142857142856
valid1743,-0.091428571428571428
valid1744,0.92178571428571432
valid1745,-0.073857142857142857
valid1746,0.041111111111111091
valid1747,1.0
valid1748,0.069047619047619038
valid1749,-0.82261111111111107
valid1750,-0.052753968253968254
valid1751,-0.53073809523809523
valid1752,-0.030126984126984127
valid1753,0.99333333333333329
valid1754,0.88322222222222224
valid1755,-0.28513492063492069
valid1756,0.0069365079365079204
valid1757,1.0
valid1758,0.79802380952380958
valid1759,-0.058103174603174601
valid1760,0.0045555555555555523
valid1761,0.11170634920634921
valid1762,-0.15468253968253967
valid1763,0.89434126984126994
valid1764,0.072222222222222229
valid1765,-0.058428571428571434
valid1766,-0.95250000000000001
valid1767,-0.089761904761904751
valid1768,1.0
valid1769,0.1361111111111111
valid1770,-0.99777777777777776
valid1771,-0.33423809523809522
valid1772,0.27338095238095234
valid1773,-0.11308730158730158
valid1774,-0.46964285714285714
valid1775,-0.075857142857142859
valid1776,-0.01
valid1777,-0.23004761904761903
valid1778,-0.15638888888888888
valid1779,-1.0
valid1780,-0.36146825396825394
valid1781,0.016388888888888887
valid1782,-0.01833333333333333
valid1783,-0.52744444444444438
valid1784,0.96999999999999997
valid1785,0.13056349206349208
valid1786,0.17174603174603173
valid1787,-0.69183333333333341
valid1788,0.029999999999999999
valid1789,-0.072817460317460309
valid1790,-0.084912698412698398
valid1791,0.76793650793650781
valid1792,-0.20630158730158732
valid1793,0.048944444444444436
valid1794,-0.96333333333333326
valid1795,0.16834920634920636
valid1796,-0.066000000000000017
valid1797,-0.254
valid1798,0.0066666666666666697
valid1799,0.39838095238095245
valid1800,-0.41038888888888891
valid1801,0.5606349206349206
valid1802,-0.19806349206349202
valid1803,0.21168253968253967
valid1804,0.02
valid1805,-0.59152380952380956
valid1806,0.022119047619047628
valid1807,0.17537301587301585
valid1808,-0.085412698412698412
valid1809,0.0
valid1810,-0.31410317460317461
valid1811,-0.0043809523809523899
valid1812,0.77380952380952384
valid1813,-0.060865079365079365
valid1814,0.36483333333333329
valid1815,0.080888888888888885
valid1816,-0.32224603174603172
valid1817,-0.073333333333333334
valid1818,0.48698412698412702
valid1819,0.0014999999999999992
valid1820,-0.14638888888888887
valid1821,-0.0028571428571428571
valid1822,0.034317460317460309
valid1823,0.13032539682539682
valid1824,0.10876984126984127
valid1825,0.12301587301587302
valid1826,0.48646031746031748
valid1827,-0.16709523809523816
valid1828,0.19241269841269837
valid1829,0.82802380952380938
valid1830,-1.0
valid1831,-0.055555555555555552
valid1832,-0.30372222222222223
valid1833,0.12884126984126984
valid1834,-0.32350793650793647
valid1835,0.3125
valid1836,0.069190476190476177
valid1837,-0.068507936507936532
valid1838,0.090666666666666659
valid1839,0.076142857142857123
valid1840,-0.26997619047619048
valid1841,-0.85206349206349219
valid1842,0.25049206349206349
valid1843,-0.53622222222222227
valid1844,0.54100793650793644
valid1845,0.33431746031746029
valid1846,-0.26856349206349206
valid1847,-0.082420634920634922
valid1848,1.0
valid1849,-0.08184126984126984
valid1850,-0.051626984126984132
valid1851,-0.04476190476190476
valid1852,0.069301587301587309
valid1853,-0.17267460317460315
valid1854,-0.15714285714285714
valid1855,-0.14387301587301585
valid1856,-0.42065079365079355
valid1857,0.95999999999999996
valid1858,0.09251587301587301
valid1859,-0.1568968253968254
valid1860,0.13455555555555557
valid1861,-0.26012698412698404
valid1862,-0.48592063492063498
valid1863,0.42498412698412702
valid1864,-0.085230158730158725
valid1865,-0.004698412698412693
valid1866,0.93746031746031733
valid1867,-0.13815079365079364
valid1868,-0.1114285714285714
valid1869,-0.74316666666666664
valid1870,-0.93555555555555558
valid1871,0.24430952380952384
valid1872,0.30628571428571433
valid1873,-1.0
valid1874,0.39827777777777768
valid1875,0.36936507936507934
valid1876,-0.1383730158730159
valid1877,-0.019238095238095235
valid1878,0.23902380952380953
valid1879,0.46783333333333338
valid1880,0.24579365079365076
valid1881,-0.27344444444444438
valid1882,0.33714285714285713
valid1883,0.012023809523809534
valid1884,1.0
valid1885,0.17023015873015873
valid1886,0.0
valid1887,0.049007936507936521
valid1888,-0.5429682539682541
valid1889,0.091666666666666674
valid1890,-0.37506349206349199
valid1891,-0.062611111111111117
valid1892,-0.037269841269841272
valid1893,0.0013888888888888896
valid1894,-1.0
valid1895,-0.66356349206349219
valid1896,-0.026666666666666665
valid1897,-0.33746825396825403
valid1898,-0.25958730158730159
valid1899,0.23874603174603182
valid1900,0.40015873015873021
valid1901,0.17319841269841268
valid1902,-0.018857142857142857
valid1903,-0.017333333333333333
valid1904,-0.021492063492063486
valid1905,-0.46959523809523807
valid1906,0.41991269841269835
valid1907,-0.52571428571428569
valid1908,0.20439682539682541
valid1909,-0.19919047619047622
valid1910,-0.18149206349206345
valid1911,0.94999999999999996
valid1912,-0.21719047619047618
valid1913,-0.98857142857142866
valid1914,-1.0
valid1915,0.13203174603174603
valid1916,0.28776984126984129
valid1917,-0.43111111111111106
valid1918,-0.13202380952380952
valid1919,0.17714285714285716
valid1920,0.0053571428571428615
valid1921,0.15058730158730158
valid1922,-0.0040000000000000001
valid1923,-0.091619047619047628
valid1924,0.92323015873015879
valid1925,-0.45811111111111108
valid1926,0.53277777777777779
valid1927,0.37984126984126987
valid1928,-0.017777777777777778
valid1929,0.52938888888888891
valid1930,-0.028611111111111111
valid1931,-0.050801587301587306
valid1932,0.048095238095238101
valid1933,-0.067753968253968275
valid1934,0.10334920634920637
valid1935,-0.24933333333333332
valid1936,0.030722222222222227
valid1937,-0.015642857142857146
valid1938,-0.15553968253968248
valid1939,-0.014015873015873011
valid1940,0.076611111111111102
valid1941,-0.97750000000000004
valid1942,0.31399206349206354
valid1943,0.26572222222222225
valid1944,0.15203968253968247
valid1945,0.10355555555555554
valid1946,-0.15738095238095237
valid1947,0.25349206349206349
valid1948,0.067833333333333329
valid1949,-0.013349206349206342
valid1950,0.071904761904761902
valid1951,0.02322222222222222
valid1952,-0.61162698412698413
valid1953,0.3795952380952381
valid1954,0.25778571428571434
valid1955,0.061952380952380946
valid1956,1.0
valid1957,0.13812698412698413
valid1958,0.48499206349206359
valid1959,-0.10373015873015873
valid1960,0.049182539682539675
valid1961,-0.02962698412698412
valid1962,0.051666666666666666
valid1963,0.22055555555555553
valid1964,0.065000000000000002
valid1965,0.081444444444444444
valid1966,-0.16909523809523808
valid1967,-0.0015476190476190509
valid1968,-0.011000000000000001
valid1969,0.65083333333333326
valid1970,-0.093690476190476185
valid1971,-0.011500000000000002
valid1972,0.0026111111111111131
valid1973,-0.19988095238095238
valid1974,0.62578571428571428
valid1975,0.16865873015873015
valid1976,0.15173015873015877
valid1977,-0.2658888888888889
valid1978,0.23012698412698412
valid1979,0.040174603174603175
valid1980,0.27394444444444443
valid1981,-0.079301587301587304
valid1982,-0.27682539682539686
valid1983,-0.45239682539682541
valid1984,-0.36194444444444435
valid1985,0.031857142857142855
valid1986,0.11835714285714286
valid1987,-0.05671428571428571
valid1988,0.071999999999999995
valid1989,0.21884126984126984
valid1990,0.16745238095238091
valid1991,-0.2044920634920635
valid1992,-0.05800000000000001
valid1993,0.38311111111111118
valid1994,-0.035357142857142858
valid1995,0.16276190476190475
valid1996,-0.08520634920634923
valid1997,-0.3046666666666667
valid1998,0.32267460317460317
valid1999,0.0033333333333333331
valid2000,-0.16288888888888892
valid2001,0.35238888888888892
valid2002,0.12300793650793651
valid2003,0.072531746031746044
valid2004,0.01
valid2005,0.11785714285714287
valid2006,-0.091206349206349208
valid2007,-0.14881746031746032
valid2008,0.0077777777777777776
valid2009,0.74483333333333335
valid2010,0.34356349206349202
valid2011,-0.91000000000000014
valid2012,-0.14093650793650794
valid2013,0.72199999999999998
valid2014,0.17315079365079364
valid2015,0.97750000000000004
valid2016,0.01
valid2017,0.20447619047619051
valid2018,0.12014285714285715
valid2019,0.089476190476190473
valid2020,-0.96523809523809523
valid2021,-0.30674603174603177
valid2022,-0.14992857142857141
valid2023,0.80600000000000005
valid2024,-0.20724603174603173
valid2025,-0.52355555555555566
valid2026,0.021841269841269842
valid2027,-0.60115079365079371
valid2028,-0.0039761904761904734
valid2029,0.23244444444444443
valid2030,-0.58533333333333326
valid2031,-0.06961111111111111
valid2032,-0.33449206349206351
valid2033,-0.040000000000000001
valid2034,0.0
valid2035,-0.47452380952380957
valid2036,-0.23395238095238099
valid2037,-0.029809523809523814
valid2038,0.35159523809523813
valid2039,-0.18810317460317466
valid2040,0.9555555555555556
valid2041,-0.0035238095238095245
valid2042,-0.0028571428571428571
valid2043,-0.021579365079365077
valid2044,-0.043746031746031748
valid2045,0.11966666666666667
valid2046,0.93088888888888888
valid2047,0.38512698412698415
valid2048,0.029722222222222223
valid2049,-0.23938095238095247
valid2050,0.66228571428571426
valid2051,0.13362698412698415
valid2052,0.28827777777777785
valid2053,-0.0022222222222222222
valid2054,-0.0042698412698412699
valid2055,-0.80466666666666686
valid2056,0.0
valid2057,0.18341269841269844
valid2058,0.94095238095238098
valid2059,0.38595238095238094
valid2060,0.3554126984126984
valid2061,-0.027603174603174595
valid2062,-0.083174603174603179
valid2063,-0.019444444444444445
valid2064,0.048571428571428578
valid2065,-0.025952380952380939
valid2066,0.42639682539682533
valid2067,0.10269841269841269
valid2068,-0.017515873015873006
valid2069,0.062
valid2070,-0.084071428571428589
valid2071,0.98333333333333339
valid2072,0.036857142857142852
valid2073,0.13957936507936508
valid2074,0.70797619047619031
valid2075,-1.0
valid2076,1.0
valid2077,0.83214285714285718
valid2078,0.25544444444444447
valid2079,-0.019230158730158722
valid2080,0.37006349206349198
valid2081,0.99428571428571433
valid2082,0.2006269841269841
valid2083,0.019166666666666665
valid2084,0.45576984126984138
valid2085,0.035476190476190481
valid2086,0.45064285714285712
valid2087,-0.2502619047619048
valid2088,-0.36069047619047623
valid2089,0.085523809523809516
valid2090,-0.22742857142857142
valid2091,0.56158730158730163
valid2092,-0.31177777777777782
valid2093,0.043380952380952388
valid2094,0.097579365079365099
valid2095,-0.98499999999999999
valid2096,0.090142857142857136
valid2097,0.020714285714285713
valid2098,0.28847619047619044
valid2099,-0.37794444444444436
valid2100,0.097333333333333341
valid2101,0.028412698412698414
valid2102,-1.0
valid2103,0.058388888888888886
valid2104,0.18038095238095242
valid2105,-0.22692063492063488
valid2106,-0.1712301587301587
valid2107,-0.62329365079365073
valid2108,-0.02
valid2109,-0.30661904761904757
valid2110,-0.064817460317460343
valid2111,0.03902380952380953
valid2112,0.42359523809523814
valid2113,-0.31251587301587297
valid2114,-0.51803968253968247
valid2115,0.24650793650793648
valid2116,-0.3777619047619048
valid2117,1.0
valid2118,0.92000000000000004
valid2119,-0.10689682539682542
valid2120,0.0
valid2121,0.47826984126984118
valid2122,0.3003412698412698
valid2123,0.056682539682539668
valid2124,0.73750000000000004
valid2125,-0.11817460317460317
valid2126,0.48956349206349203
valid2127,0.94999999999999996
valid2128,0.058095238095238103
valid2129,0.032706349206349197
valid2130,-0.1190952380952381
valid2131,-0.12592063492063491
valid2132,-0.04777777777777778
valid2133,0.0
valid2134,-0.43674603174603172
valid2135,-0.99333333333333329
valid2136,-0.092452380952380939
valid2137,-0.42008730158730151
valid2138,-0.95999999999999996
valid2139,0.18539682539682545
valid2140,0.01511111111111111
valid2141,0.18196825396825397
valid2142,-0.72833333333333328
valid2143,0.8008333333333334
valid2144,-0.98516666666666663
valid2145,1.0
valid2146,0.39968253968253969
valid2147,0.99333333333333329
valid2148,-0.012690476190476196
valid2149,-0.013460317460317466
valid2150,0.0051904761904761898
valid2151,-0.039285714285714285
valid2152,0.90749999999999997
valid2153,-0.43399206349206343
valid2154,0.48679365079365072
valid2155,0.21470634920634918
valid2156,-0.082690476190476189
valid2157,-0.85666666666666658
valid2158,0.02
valid2159,0.14833333333333332
valid2160,0.41648412698412701
valid2161,-0.0011111111111111115
valid2162,-0.057603174603174601
valid2163,-1.0
valid2164,-0.86933333333333318
valid2165,-0.13523809523809527
valid2166,-0.0025000000000000001
valid2167,0.15531746031746033
valid2168,-0.15692063492063493
valid2169,-0.98499999999999999
valid2170,0.011444444444444453
valid2171,0.34874603174603175
valid2172,-0.14296031746031748
valid2173,-0.63249999999999995
valid2174,0.06969841269841269
valid2175,0.32926984126984121
valid2176,-0.70926190476190487
valid2177,0.25023809523809526
valid2178,0.16184920634920638
valid2179,0.0
valid2180,-0.061753968253968256
valid2181,0.66635714285714287
valid2182,0.14667460317460318
valid2183,-0.2515634920634921
valid2184,-0.14995238095238095
valid2185,-0.064476190476190479
valid2186,-0.016666666666666666
valid2187,0.0052777777777777753
valid2188,-0.01
valid2189,0.78876190476190478
valid2190,0.81200000000000006
valid2191,-0.022333333333333334
valid2192,-0.34339682539682542
valid2193,0.11229365079365081
valid2194,-0.062738095238095232
valid2195,0.065325396825396814
valid2196,0.10762698412698414
valid2197,0.010563492063492053
valid2198,0.010476190476190477
valid2199,-0.031428571428571431
valid2200,-0.035499999999999997
valid2201,-0.087388888888888877
valid2202,-1.0
valid2203,0.25574603174603178
valid2204,0.9702857142857142
valid2205,-0.25142857142857145
valid2206,-0.093603174603174591
valid2207,0.37969047619047624
valid2208,0.071333333333333346
valid2209,0.11019047619047623
valid2210,0.24670634920634921
valid2211,0.17028571428571435
valid2212,-0.014999999999999999
valid2213,0.0
valid2214,-0.24811111111111109
valid2215,0.69752380952380977
valid2216,0.48015873015873012
valid2217,-0.37987301587301592
valid2218,-0.01
valid2219,0.75252380952380971
valid2220,-0.25803174603174606
valid2221,0.47762698412698418
valid2222,0.78373015873015872
valid2223,0.26174603174603178
valid2224,-0.13700793650793652
valid2225,0.082952380952380944
valid2226,0.2112222222222222
valid2227,-0.99111111111111105
valid2228,0.77064285714285718
valid2229,1.0
valid2230,0.16166666666666665
valid2231,0.094666666666666663
valid2232,-0.16758730158730159
valid2233,-0.3002698412698413
valid2234,0.92476190476190478
valid2235,0.62665079365079368
valid2236,0.8783333333333333
valid2237,0.002142857142857143
valid2238,-0.16399999999999998
valid2239,0.3516746031746032
valid2240,-0.015428571428571427
valid2241,-0.35615079365079366
valid2242,0.10296825396825396
valid2243,-1.0
valid2244,0.085817460317460306
valid2245,-0.004801587301587318
valid2246,-0.0090476190476190474
valid2247,-0.95599999999999996
valid2248,-0.0066666666666666662
valid2249,-0.012928571428571426
valid2250,0.82488888888888889
valid2251,-0.11330158730158732
valid2252,-0.0011111111111111083
valid2253,0.29648412698412696
valid2254,-0.86323809523809514
valid2255,-0.27515079365079365
valid2256,-0.26150000000000001
valid2257,-0.089999999999999997
valid2258,-0.97738095238095224
valid2259,-0.13180158730158728
valid2260,0.0077698412698412704
valid2261,-0.17460317460317459
valid2262,0.10980952380952382
valid2263,-0.0025000000000000001
valid2264,0.37137301587301585
valid2265,0.19366666666666668
valid2266,0.041793650793650786
valid2267,0.22467460317460319
valid2268,0.078023809523809537
valid2269,0.95583333333333342
valid2270,0.67625396825396822
valid2271,-0.33937301587301588
valid2272,-0.24091269841269841
valid2273,0.18088095238095239
valid2274,-1.0
valid2275,0.3894920634920635
valid2276,0.041119047619047625
valid2277,0.21235714285714288
valid2278,-0.82031746031746022
valid2279,-0.6090000000000001
valid2280,-1.0
valid2281,0.3680396825396825
valid2282,0.0
valid2283,-1.0
valid2284,-0.37457936507936507
valid2285,-0.17090476190476192
valid2286,-0.26875396825396825
valid2287,-0.49445238095238087
valid2288,0.0
valid2289,-1.0
valid2290,-0.92666666666666653
valid2291,0.63288888888888883
valid2292,0.0
valid2293,-0.0032380952380952088
valid2294,-0.65019047619047621
valid2295,0.69226190476190497
valid2296,-0.041904761904761896
valid2297,-0.036119047619047627
valid2298,0.36487301587301579
valid2299,-0.091380952380952382
valid2300,0.081285714285714281
valid2301,0.20589682539682541
valid2302,-0.025293650793650792
valid2303,-0.58192857142857146
valid2304,-0.83499999999999996
valid2305,0.95200000000000007
valid2306,-1.0
valid2307,-0.18972222222222221
valid2308,0.97892857142857137
valid2309,0.06222222222222222
valid2310,-0.27486507936507931
valid2311,-0.50548412698412715
valid2312,0.064333333333333326
valid2313,0.14206349206349206
valid2314,-0.9762777777777778
valid2315,0.38042857142857145
valid2316,-0.55769047619047618
valid2317,-0.05015873015873016
valid2318,0.0085714285714285701
valid2319,0.079682539682539688
valid2320,1.0
valid2321,-0.081238095238095234
valid2322,-0.82821428571428579
valid2323,0.20417460317460315
valid2324,0.086523809523809503
valid2325,-0.0047222222222222223
valid2326,0.95999999999999985
valid2327,0.08638888888888889
valid2328,-0.02492063492063492
valid2329,-0.4022857142857143
valid2330,-0.099738095238095237
valid2331,0.085301587301587323
valid2332,-0.077888888888888896
valid2333,-0.058182539682539683
valid2334,0.36641269841269852
valid2335,0.0044841269841269949
valid2336,0.057142857142857141
valid2337,1.0
valid2338,-0.064277777777777767
valid2339,-0.34416666666666673
valid2340,0.21666666666666665
valid2341,0.0018253968253968012
valid2342,-0.12067460317460318
valid2343,0.059841269841269841
valid2344,-0.24703968253968256
valid2345,0.24784126984126986
valid2346,0.0044444444444444444
valid2347,-0.25357142857142856
valid2348,-0.15470634920634921
valid2349,0.7238888888888888
valid2350,-0.051714285714285706
valid2351,0.03330952380952381
valid2352,1.0
valid2353,-0.6285952380952381
valid2354,-0.68255555555555558
valid2355,0.99428571428571433
valid2356,-0.34321428571428569
valid2357,0.91200000000000003
valid2358,-0.23785714285714285
valid2359,1.0
valid2360,0.25064285714285717
valid2361,-0.032230158730158741
valid2362,0.58257142857142852
valid2363,-0.06995238095238096
valid2364,0.54761904761904767
valid2365,-0.096190476190476187
valid2366,0.92111111111111099
valid2367,0.090079365079365092
valid2368,0.0
valid2369,-0.10851587301587302
valid2370,0.051500000000000004
valid2371,0.86006349206349197
valid2372,0.0069444444444444423
valid2373,-0.14159523809523811
valid2374,-0.99777777777777776
valid2375,-0.016619047619047617
valid2376,-0.31074603174603171
valid2377,0.80619047619047624
valid2378,0.010690476190476184
valid2379,0.058285714285714281
valid2380,-0.16856349206349208
valid2381,0.085103174603174597
valid2382,0.1446904761904762
valid2383,0.00035714285714285812
valid2384,0.49049206349206353
valid2385,-0.72257142857142853
valid2386,-0.21207936507936506
valid2387,-0.6717063492063492
valid2388,0.0066666666666666654
valid2389,0.97999999999999998
valid2390,-0.008611111111111111
valid2391,0.83957142857142852
valid2392,-0.014999999999999999
valid2393,0.0050000000000000001
valid2394,0.89022222222222225
valid2395,-0.00038095238095238183
valid2396,-1.0
valid2397,-1.0
valid2398,0.20400793650793653
valid2399,-0.0065158730158730227
valid2400,0.0083333333333333332
valid2401,1.0
valid2402,-0.794904761904762
valid2403,-0.035150793650793648
valid2404,-0.14136507936507936
valid2405,-0.088825396825396835
valid2406,-0.38888888888888878
valid2407,-0.38587301587301587
valid2408,-0.10642857142857143
valid2409,-0.22330952380952379
valid2410,-0.51550793650793647
valid2411,-0.9285714285714286
valid2412,-0.018809523809523821
valid2413,0.21996031746031749
valid2414,0.058333333333333327
valid2415,-0.0097142857142857187
valid2416,0.18484126984126983
valid2417,-0.037142857142857144
valid2418,0.15341269841269839
valid2419,-0.4821111111111111
valid2420,0.73995238095238103
valid2421,0.2860793650793651
valid2422,-0.83250000000000002
valid2423,0.18711111111111112
valid2424,-0.43984920634920632
valid2425,0.15650793650793651
valid2426,-0.16338888888888889
valid2427,-0.26323809523809522
valid2428,0.11552380952380953
valid2429,-1.0
valid2430,0.60806349206349208
valid2431,-0.20657142857142863
valid2432,0.097968253968253954
valid2433,0.40091269841269844
valid2434,-0.23785714285714285
valid2435,0.0
valid2436,0.19273809523809526
valid2437,-0.61260317460317459
valid2438,0.013111111111111099
valid2439,0.14825396825396825
valid2440,-0.033333333333333333
valid2441,-0.037976190476190476
valid2442,0.25130952380952376
valid2443,0.0
valid2444,0.42330158730158723
valid2445,0.14526190476190479
valid2446,0.12683333333333338
valid2447,0.0
valid2448,0.096785714285714294
valid2449,0.15038888888888891
valid2450,-0.02
valid2451,0.10746031746031749
valid2452,0.322063492063492
valid2453,0.19286507936507935
valid2454,-1.0
valid2455,-0.029000000000000005
valid2456,0.24206349206349206
valid2457,0.028865079365079368
valid2458,0.80626984126984125
valid2459,0.12244444444444444
valid2460,-0.47057142857142847
valid2461,-0.068253968253968247
valid2462,0.44326190476190469
valid2463,0.18461111111111111
valid2464,-0.89033333333333331
valid2465,0.22310317460317461
valid2466,0.39623809523809528
valid2467,0.68455555555555558
valid2468,0.029587301587301586
valid2469,0.57388888888888889
valid2470,-0.19052380952380951
valid2471,0.16315873015873017
valid2472,-0.25307936507936502
valid2473,0.51757936507936519
valid2474,-0.18871428571428572
valid2475,0.35020634920634913
valid2476,-0.075396825396825393
valid2477,0.41935714285714282
valid2478,-0.04391269841269841
valid2479,0.0
valid2480,-0.022619047619047618
valid2481,0.0
valid2482,0.14965079365079367
valid2483,0.067611111111111108
valid2484,-0.10246031746031743
valid2485,-0.2101031746031746
valid2486,0.036904761904761905
valid2487,0.099571428571428575
valid2488,0.69466666666666665
valid2489,0.92000000000000004
valid2490,0.61392063492063498
valid2491,0.22702380952380952
valid2492,0.1274603174603175
valid2493,-0.17707936507936506
valid2494,-0.78146825396825403
valid2495,0.23659523809523808
valid2496,-1.0
valid2497,0.0022460317460317293
valid2498,-0.07788888888888891
valid2499,-1.0
valid2500,0.46961111111111109
valid2501,0.24433333333333335
valid2502,-0.1528174603174603
valid2503,0.44619047619047619
valid2504,0.43431746031746032
valid2505,1.0
valid2506,-0.08638888888888889
valid2507,0.10730158730158729
valid2508,0.056841269841269845
valid2509,1.0
valid2510,-0.34264285714285714
valid2511,-0.21320634920634915
valid2512,-0.13855555555555554
valid2513,0.035182539682539676
valid2514,0.0
valid2515,0.43059523809523809
valid2516,-0.019166666666666662
valid2517,-0.0050000000000000001
valid2518,0.37493650793650801
valid2519,0.11955555555555555
valid2520,-0.19130158730158731
valid2521,-0.63661904761904753
valid2522,0.057190476190476194
valid2523,0.0
valid2524,0.029999999999999999
valid2525,0.01984126984126984
valid2526,0.065793650793650793
valid2527,0.36855555555555564
valid2528,-0.12282539682539681
valid2529,0.16617460317460317
valid2530,0.16964285714285715
valid2531,-0.33470634920634906
valid2532,0.46309523809523812
valid2533,0.52306349206349212
valid2534,0.023452380952380957
valid2535,0.027619047619047619
valid2536,-0.11097619047619051
valid2537,0.089809523809523811
valid2538,0.14303968253968255
valid2539,0.31887301587301592
valid2540,-0.083404761904761926
valid2541,-0.28071428571428575
valid2542,0.088507936507936508
valid2543,-0.81761904761904758
valid2544,-0.18132539682539683
valid2545,-1.0
valid2546,-0.033984126984126985
valid2547,-0.6986904761904762
valid2548,-0.57173015873015876
valid2549,-0.43083333333333335
valid2550,-0.55083333333333329
valid2551,0.15402380952380954
valid2552,0.026666666666666665
valid2553,0.18000793650793653
valid2554,-0.97047619047619049
valid2555,-0.73385714285714276
valid2556,-0.84150793650793654
valid2557,-0.93555555555555558
valid2558,0.94200000000000006
valid2559,-0.010230158730158718
valid2560,-0.12508730158730155
valid2561,0.37394444444444447
valid2562,-0.43083333333333335
valid2563,-0.022222222222222223
valid2564,0.1176984126984127
valid2565,-0.14442063492063489
valid2566,-0.076555555555555557
valid2567,-0.62669841269841275
valid2568,0.15226984126984128
valid2569,0.23000000000000004
valid2570,0.028047619047619037
valid2571,0.13821428571428573
valid2572,-0.17074603174603176
valid2573,0.20263492063492067
valid2574,0.0487857142857143
valid2575,-0.088293650793650785
valid2576,-0.38830952380952383
valid2577,0.11821428571428572
valid2578,0.036111111111111115
valid2579,1.0
valid2580,-0.30863492063492065
valid2581,0.22844444444444445
valid2582,0.13424603174603175
valid2583,-0.098380952380952374
valid2584,-0.092142857142857151
valid2585,-0.78555555555555556
valid2586,0.75830952380952399
valid2587,0.045555555555555544
valid2588,0.040500000000000001
valid2589,-0.052341269841269827
valid2590,0.14566666666666664
valid2591,0.01307936507936508
valid2592,0.014999999999999999
valid2593,0.58476190476190482
valid2594,-0.53943650793650788
valid2595,-0.27233333333333332
valid2596,0.098095238095238083
valid2597,-0.33518253968253958
valid2598,0.92342857142857138
valid2599,0.19433333333333333
valid2600,-0.21663492063492062
valid2601,0.9871428571428571
valid2602,0.95666666666666655
valid2603,0.50037301587301597
valid2604,0.085833333333333317
valid2605,0.94390476190476191
valid2606,0.82317460317460311
valid2607,-0.11649206349206347
valid2608,0.01
valid2609,0.079166666666666691
valid2610,-0.025698412698412696
valid2611,0.98999999999999999
valid2612,-0.023
valid2613,-1.0
valid2614,0.16160317460317458
valid2615,0.3451825396825397
valid2616,0.27663492063492068
valid2617,-0.2675873015873016
valid2618,0.48079365079365088
valid2619,0.15837301587301589
valid2620,-0.82261904761904769
valid2621,0.1608412698412699
valid2622,0.042920634920634929
valid2623,0.68685714285714283
valid2624,-0.19245238095238096
valid2625,0.076277777777777805
valid2626,0.032920634920634913
valid2627,-0.05473015873015874
valid2628,-0.64921428571428574
valid2629,0.078523809523809524
valid2630,-0.21229365079365084
valid2631,-0.047944444444444442
valid2632,0.0080555555555555554
valid2633,-0.25138095238095232
valid2634,0.12888888888888889
valid2635,0.2286269841269841
valid2636,-0.13788095238095238
valid2637,0.45894444444444443
valid2638,-0.49361111111111117
valid2639,0.99714285714285722
valid2640,-0.14718253968253972
valid2641,0.11252380952380955
valid2642,-0.060714285714285714
